PDU,ip,DC
dummy_DC1-96-1A1,152.65.176.242,dummy_DC1
dummy_DC2-26-1B1,173.65.87.241,dummy_DC2
dummy_DC3-537-1A1,188.65.158.52,dummy_DC3
dummy_DC1-76-2A2,196.65.111.165,dummy_DC1
dummy_DC2-52-2A1,112.65.27.189,dummy_DC2
dummy_DC3-645-1B1,121.65.135.59,dummy_DC3
dummy_DC1-65-1B1,158.65.190.234,dummy_DC1
dummy_DC2-38-2B2,194.65.117.63,dummy_DC2
dummy_DC3-896-1A1,166.65.182.182,dummy_DC3
dummy_DC1-28-1B1,158.65.42.250,dummy_DC1
dummy_DC2-24-2B1,185.65.227.102,dummy_DC2
dummy_DC3-313-1A2,198.65.57.87,dummy_DC3
dummy_DC1-13-1A2,189.65.58.145,dummy_DC1
dummy_DC2-89-2B2,195.65.83.19,dummy_DC2
dummy_DC3-539-1A1,149.65.87.150,dummy_DC3
dummy_DC1-27-1A1,160.65.4.19,dummy_DC1
dummy_DC2-30-1B2,174.65.199.111,dummy_DC2
dummy_DC3-342-1A1,103.65.118.25,dummy_DC3
dummy_DC1-27-2B1,181.65.28.119,dummy_DC1
dummy_DC2-51-1B2,200.65.196.185,dummy_DC2
dummy_DC3-390-2B1,132.65.15.109,dummy_DC3
dummy_DC1-66-1A2,143.65.232.146,dummy_DC1
dummy_DC2-36-2B1,121.65.151.43,dummy_DC2
dummy_DC3-457-2B1,121.65.111.122,dummy_DC3
dummy_DC1-61-1B2,135.65.233.193,dummy_DC1
dummy_DC2-72-1A2,155.65.127.52,dummy_DC2
dummy_DC3-583-2B2,200.65.211.32,dummy_DC3
dummy_DC1-29-2A2,103.65.160.168,dummy_DC1
dummy_DC2-29-1A2,144.65.202.95,dummy_DC2
dummy_DC3-325-1B2,181.65.10.82,dummy_DC3
dummy_DC1-84-1A2,198.65.119.174,dummy_DC1
dummy_DC2-87-1A1,100.65.113.218,dummy_DC2
dummy_DC3-342-1A2,101.65.62.104,dummy_DC3
dummy_DC1-10-2A1,132.65.83.146,dummy_DC1
dummy_DC2-57-1B2,139.65.206.102,dummy_DC2
dummy_DC3-644-1B2,116.65.172.21,dummy_DC3
dummy_DC1-60-2A2,160.65.55.202,dummy_DC1
dummy_DC2-80-1B2,160.65.22.136,dummy_DC2
dummy_DC3-781-2B1,143.65.43.230,dummy_DC3
dummy_DC1-21-1A2,162.65.232.139,dummy_DC1
dummy_DC2-45-1B1,190.65.70.176,dummy_DC2
dummy_DC3-174-2B1,130.65.84.136,dummy_DC3
dummy_DC1-86-1A1,135.65.179.149,dummy_DC1
dummy_DC2-55-2A2,175.65.88.123,dummy_DC2
dummy_DC3-310-2A1,177.65.72.26,dummy_DC3
dummy_DC1-88-1A2,137.65.178.237,dummy_DC1
dummy_DC2-84-1B1,117.65.85.177,dummy_DC2
dummy_DC3-706-2B1,137.65.195.125,dummy_DC3
dummy_DC1-35-2A1,186.65.233.145,dummy_DC1
dummy_DC2-76-2B2,181.65.24.27,dummy_DC2
dummy_DC3-289-1A1,145.65.242.237,dummy_DC3
dummy_DC1-83-2B2,117.65.86.190,dummy_DC1
dummy_DC2-12-1A1,165.65.29.181,dummy_DC2
dummy_DC3-996-1A1,135.65.246.22,dummy_DC3
dummy_DC1-31-1B2,192.65.186.129,dummy_DC1
dummy_DC2-89-2B2,103.65.153.22,dummy_DC2
dummy_DC3-657-2A2,195.65.47.109,dummy_DC3
dummy_DC1-21-2A1,112.65.101.185,dummy_DC1
dummy_DC2-74-1B1,108.65.122.222,dummy_DC2
dummy_DC3-738-1B1,160.65.126.165,dummy_DC3
dummy_DC1-91-2A2,139.65.119.145,dummy_DC1
dummy_DC2-69-2A1,108.65.74.242,dummy_DC2
dummy_DC3-523-1B1,185.65.215.176,dummy_DC3
dummy_DC1-51-2B1,108.65.194.43,dummy_DC1
dummy_DC2-72-1A2,105.65.211.137,dummy_DC2
dummy_DC3-275-2B2,115.65.19.231,dummy_DC3
dummy_DC1-42-1B2,160.65.64.74,dummy_DC1
dummy_DC2-50-1A1,157.65.24.203,dummy_DC2
dummy_DC3-989-1B2,137.65.186.96,dummy_DC3
dummy_DC1-63-1A1,185.65.143.55,dummy_DC1
dummy_DC2-24-2B2,142.65.178.71,dummy_DC2
dummy_DC3-720-1B1,141.65.74.87,dummy_DC3
dummy_DC1-25-1A1,147.65.167.209,dummy_DC1
dummy_DC2-84-1A2,154.65.23.118,dummy_DC2
dummy_DC3-666-1A2,146.65.168.159,dummy_DC3
dummy_DC1-91-2A2,106.65.48.31,dummy_DC1
dummy_DC2-20-1B2,153.65.212.132,dummy_DC2
dummy_DC3-977-2A1,181.65.58.211,dummy_DC3
dummy_DC1-81-2A2,165.65.249.4,dummy_DC1
dummy_DC2-94-2A1,159.65.225.134,dummy_DC2
dummy_DC3-963-1B1,197.65.177.54,dummy_DC3
dummy_DC1-55-1B2,196.65.0.97,dummy_DC1
dummy_DC2-91-1B1,175.65.233.188,dummy_DC2
dummy_DC3-822-2B1,183.65.49.119,dummy_DC3
dummy_DC1-24-2A2,165.65.245.7,dummy_DC1
dummy_DC2-60-1A2,161.65.173.141,dummy_DC2
dummy_DC3-521-2A2,188.65.53.227,dummy_DC3
dummy_DC1-10-1B2,171.65.7.31,dummy_DC1
dummy_DC2-86-1A1,114.65.238.64,dummy_DC2
dummy_DC3-556-2A1,118.65.234.19,dummy_DC3
dummy_DC1-86-1B2,195.65.1.218,dummy_DC1
dummy_DC2-28-1A1,137.65.122.5,dummy_DC2
dummy_DC3-942-1A2,161.65.118.133,dummy_DC3
dummy_DC1-10-1A1,110.65.41.40,dummy_DC1
dummy_DC2-79-2B1,195.65.228.146,dummy_DC2
dummy_DC3-538-1B2,147.65.25.27,dummy_DC3
dummy_DC1-60-1B1,200.65.151.97,dummy_DC1
dummy_DC2-93-1A1,194.65.39.240,dummy_DC2
dummy_DC3-668-1A2,196.65.39.90,dummy_DC3
dummy_DC1-86-1A2,185.65.55.218,dummy_DC1
